1,肖申克的救赎,9.7,导演: 弗兰克·德拉邦特 Frank Darabont,1994,2971922人评价,希望让人自由。
2,霸王别姬,9.6,导演: 陈凯歌 Kaige Chen,1993,2196123人评价,风华绝代。
3,阿甘正传,9.5,导演: 罗伯特·泽米吉斯 Robert Zemeckis,1994,2214915人评价,一部美国近现代史。
4,泰坦尼克号,9.5,导演: 詹姆斯·卡梅隆 James Cameron,1997,2251228人评价,失去的才是永恒的。 
5,这个杀手不太冷,9.4,导演: 吕克·贝松 Luc Besson,1994,2346249人评价,怪蜀黍和小萝莉不得不说的故事。
6,千与千寻,9.4,导演: 宫崎骏 Hayao Miyazaki,2001,2298212人评价,最好的宫崎骏，最好的久石让。 
7,美丽人生,9.5,导演: 罗伯托·贝尼尼 Roberto Benigni,1997,1357363人评价,最美的谎言。
8,星际穿越,9.4,导演: 克里斯托弗·诺兰 Christopher Nolan,2014,1908197人评价,爱是一种力量，让我们超越时空感知它的存在。
9,盗梦空间,9.4,导演: 克里斯托弗·诺兰 Christopher Nolan,2010,2118094人评价,诺兰给了我们一场无法盗取的梦。
10,辛德勒的名单,9.5,导演: 史蒂文·斯皮尔伯格 Steven Spielberg,1993,1146663人评价,拯救一个人，就是拯救整个世界。
11,楚门的世界,9.4,导演: 彼得·威尔 Peter Weir,1998,1768237人评价,如果再也不能见到你，祝你早安，午安，晚安。
12,忠犬八公的故事,9.4,导演: 莱塞·霍尔斯道姆 Lasse Hallström,2009,1426744人评价,永远都不能忘记你所爱的人。
13,海上钢琴师,9.3,导演: 朱塞佩·托纳多雷 Giuseppe Tornatore,1998,1715620人评价,每个人都要走一条自己坚定了的路，就算是粉身碎骨。 
14,三傻大闹宝莱坞,9.2,导演: 拉库马·希拉尼 Rajkumar Hirani,2009,1901146人评价,英俊版憨豆，高情商版谢耳朵。
15,放牛班的春天,9.3,导演: 克里斯托夫·巴拉蒂 Christophe Barratier,2004,1345046人评价,天籁一般的童声，是最接近上帝的存在。 
16,机器人总动员,9.3,导演: 安德鲁·斯坦顿 Andrew Stanton,2008,1348890人评价,小瓦力，大人生。
17,疯狂动物城,9.2,导演: 拜伦·霍华德 Byron Howard / 瑞奇·摩尔 Rich Moore,2016,2001371人评价,迪士尼给我们营造的乌托邦就是这样，永远善良勇敢，永远出乎意料。
18,无间道,9.3,导演: 刘伟强 / 麦兆辉,2002,1404016人评价,香港电影史上永不过时的杰作。
19,控方证人,9.6,导演: 比利·怀尔德 Billy Wilder,1957,590539人评价,比利·怀德满分作品。
20,大话西游之大圣娶亲,9.2,导演: 刘镇伟 Jeffrey Lau,1995,1568775人评价,一生所爱。
21,熔炉,9.4,导演: 黄东赫 Dong-hyuk Hwang,2011,953376人评价,我们一路奋战不是为了改变世界，而是为了不让世界改变我们。
22,教父,9.3,导演: 弗朗西斯·福特·科波拉 Francis Ford Coppola,1972,994762人评价,千万不要记恨你的对手，这样会让你失去理智。
23,触不可及,9.3,导演: 奥利维·那卡什 Olivier Nakache / 艾力克·托兰达 Eric Toledano,2011,1151930人评价,满满温情的高雅喜剧。
24,当幸福来敲门,9.2,导演: 加布里尔·穆奇诺 Gabriele Muccino,2006,1554671人评价,平民励志片。 
25,寻梦环游记,9.1,导演: 李·昂克里奇 Lee Unkrich / 阿德里安·莫利纳 Adrian Molina,2017,1737747人评价,死亡不是真的逝去，遗忘才是永恒的消亡。
26,末代皇帝,9.3,导演: 贝纳尔多·贝托鲁奇 Bernardo Bertolucci,1987,914515人评价,“不要跟我比惨，我比你更惨”再适合这部电影不过了。
27,龙猫,9.2,导演: 宫崎骏 Hayao Miyazaki,1988,1295729人评价,人人心中都有个龙猫，童年就永远不会消失。
28,怦然心动,9.1,导演: 罗伯·莱纳 Rob Reiner,2010,1877365人评价,真正的幸福是来自内心深处。
29,活着,9.3,导演: 张艺谋 Yimou Zhang,1994,871787人评价,张艺谋最好的电影。
30,哈利·波特与魔法石,9.2,导演: Chris Columbus,2001,1232629人评价,童话世界的开端。
31,蝙蝠侠：黑暗骑士,9.2,导演: 克里斯托弗·诺兰 Christopher Nolan,2008,1089671人评价,无尽的黑暗。
32,指环王3：王者无敌,9.3,导演: 彼得·杰克逊 Peter Jackson,2003,825093人评价,史诗的终章。
33,我不是药神,9.0,导演: 文牧野 Muye Wen,2018,2155039人评价,对我们国家而言，这样的电影多一部是一部。
34,乱世佳人,9.3,导演: 维克多·弗莱明 Victor Fleming / 乔治·库克 George Cukor,1939,709934人评价,Tomorrow is another day.
35,飞屋环游记,9.1,导演: 彼特·道格特 Pete Docter / 鲍勃·彼德森 Bob Peterson,2009,1361311人评价,最后那些最无聊的事情，才是最值得怀念的。 
36,素媛,9.3,导演: 李濬益 Jun-ik Lee,2013,705565人评价,受过伤害的人总是笑得最开心，因为他们不愿意让身边的人承受一样的痛苦。
37,十二怒汉,9.4,导演: Sidney Lumet,1957,507904人评价,1957年的理想主义。 
38,哈尔的移动城堡,9.1,导演: 宫崎骏 Hayao Miyazaki,2004,1055926人评价,带着心爱的人在天空飞翔。
39,让子弹飞,9.0,导演: 姜文 Wen Jiang,2010,1743245人评价,你给我翻译翻译，神马叫做TMD的惊喜。
40,何以为家,9.1,导演: 娜丁·拉巴基 Nadine Labaki,2018,1070488人评价,凝视卑弱生命，用电影改变命运。
41,摔跤吧！爸爸,9.0,导演: 涅提·蒂瓦里 Nitesh Tiwari,2016,1603955人评价,你不是在为你一个人战斗，你要让千千万万的女性看到女生并不是只能相夫教子。
42,猫鼠游戏,9.1,导演: 史蒂文·斯皮尔伯格 Steven Spielberg,2002,1062612人评价,骗子大师和执著警探的你追我跑故事。 
43,天空之城,9.2,导演: 宫崎骏 Hayao Miyazaki,1986,902491人评价,对天空的追逐，永不停止。 
44,鬼子来了,9.3,导演: 姜文 Wen Jiang,2000,643719人评价,对敌人的仁慈，就是对自己残忍。
45,海蒂和爷爷,9.3,导演: 阿兰·葛斯彭纳 Alain Gsponer,2015,647243人评价,如果生活中有什么使你感到快乐，那就去做吧！不要管别人说什么。
46,少年派的奇幻漂流,9.1,导演: 李安 Ang Lee,2012,1378318人评价,瑰丽壮观、无人能及的冒险之旅。
47,钢琴家,9.3,导演: 罗曼·波兰斯基 Roman Polanski,2002,662704人评价,音乐能化解仇恨。
48,大话西游之月光宝盒,9.0,导演: 刘镇伟 Jeffrey Lau,1995,1249165人评价,旷古烁今。
49,指环王2：双塔奇兵,9.2,导演: 彼得·杰克逊 Peter Jackson,2002,774329人评价,承前启后的史诗篇章。
50,闻香识女人,9.1,导演: 马丁·布莱斯 Martin Brest,1992,914175人评价,史上最美的探戈。
51,死亡诗社,9.2,导演: 彼得·威尔 Peter Weir,1989,753419人评价,当一个死水般的体制内出现一个活跃的变数时，所有的腐臭都站在了光明的对面。
52,绿皮书,8.9,导演: 彼得·法雷里 Peter Farrelly,2018,1696688人评价,去除成见，需要勇气。
53,罗马假日,9.1,导演: 威廉·惠勒 William Wyler,1953,970609人评价,爱情哪怕只有一天。
54,大闹天宫,9.4,导演: 万籁鸣 Laiming Wan,1961(中国大陆) / 1964(中国大陆) / 1978(中国大陆),452411人评价,经典之作，历久弥新。
55,天堂电影院,9.2,导演: 朱塞佩·托纳多雷 Giuseppe Tornatore,1988,691963人评价,那些吻戏，那些青春，都在影院的黑暗里被泪水冲刷得无比清晰。
56,指环王1：护戒使者,9.1,导演: 彼得·杰克逊 Peter Jackson,2001,869781人评价,传说的开始。
57,黑客帝国,9.1,导演: 安迪·沃卓斯基 Andy Wachowski / 拉娜·沃卓斯基 Lana Wachowski,1999,858627人评价,视觉革命。
58,教父2,9.3,导演: 弗朗西斯·福特·科波拉 Francis Ford Coppola,1974,569270人评价,优雅的孤独。
59,狮子王,9.1,导演: Roger Allers / 罗伯·明可夫 Rob Minkoff,1994,867885人评价,动物版《哈姆雷特》。
60,辩护人,9.2,导演: 杨宇硕 Woo-seok Yang,2013,601980人评价,电影的现实意义大过电影本身。
61,饮食男女,9.2,导演: 李安 Ang Lee,1994,639320人评价,人生不能像做菜，把所有的料都准备好了才下锅。
62,搏击俱乐部,9.0,导演: 大卫·芬奇 David Fincher,1999,868847人评价,邪恶与平庸蛰伏于同一个母体，在特定的时间互相对峙。
63,本杰明·巴顿奇事,9.0,导演: 大卫·芬奇 David Fincher,2008,1009026人评价,在时间之河里感受溺水之苦。
64,美丽心灵,9.1,导演: 朗·霍华德 Ron Howard,2001,787537人评价,爱是一切逻辑和原由。
65,穿条纹睡衣的男孩,9.2,导演: 马克·赫尔曼 Mark Herman,2008,582377人评价,尽管有些不切实际的幻想，这部电影依旧是一部感人肺腑的佳作。
66,窃听风暴,9.2,导演: 弗洛里安·亨克尔·冯·多纳斯马尔克 Florian Henckel von Donnersmarck,2006,578526人评价,别样人生。
67,情书,8.9,导演: 岩井俊二 Shunji Iwai,1995,1149325人评价,暗恋的极致。
68,两杆大烟枪,9.1,导演: 盖·里奇 Guy Ritchie,1998,609109人评价,4个臭皮匠顶个诸葛亮，盖·里奇果然不是盖的。
69,西西里的美丽传说,8.9,导演: 朱塞佩·托纳多雷 Giuseppe Tornatore,2000,999903人评价,美丽无罪。
70,音乐之声,9.1,导演: 罗伯特·怀斯 Robert Wise,1965,618859人评价,用音乐化解仇恨，让歌声串起美好。
71,看不见的客人,8.8,导演: 奥里奥尔·保罗 Oriol Paulo,2016,1306509人评价,你以为你以为的就是你以为的。
72,阿凡达,8.8,导演: 詹姆斯·卡梅隆 James Cameron,2009,1454567人评价,绝对意义上的美轮美奂。
73,哈利·波特与死亡圣器(下),9.0,导演: 大卫·叶茨 David Yates,2011,857542人评价,10年的完美句点。
74,拯救大兵瑞恩,9.1,导演: 史蒂文·斯皮尔伯格 Steven Spielberg,1998,662928人评价,美利坚精神输出大片No1.
75,飞越疯人院,9.1,导演: 米洛斯·福尔曼 Miloš Forman,1975,558959人评价,自由万岁。
76,小鞋子,9.2,导演: 马基德·马基迪 Majid Majidi,1997,421615人评价,奔跑的孩子是天使。
77,沉默的羔羊,8.9,导演: 乔纳森·戴米 Jonathan Demme,1991,915117人评价,安东尼·霍普金斯的顶级表演。
78,功夫,8.8,导演: 周星驰 Stephen Chow,2004,1173318人评价,警恶惩奸，维护世界和平这个任务就交给你了，好吗？
79,布达佩斯大饭店,8.9,导演: 韦斯·安德森 Wes Anderson,2014,969373人评价,小清新的故事里注入了大历史的情怀。
80,禁闭岛,8.9,导演: Martin Scorsese,2010,1005779人评价,昔日翩翩少年，今日大腹便便。
81,蝴蝶效应,8.9,导演: 埃里克·布雷斯 Eric Bress / J·麦基·格鲁伯 J. Mackye Gruber,2004,963063人评价,人的命运被自己瞬间的抉择改变。
82,致命魔术,8.9,导演: 克里斯托弗·诺兰 Christopher Nolan,2006,882787人评价,孪生蝙蝠侠大战克隆金刚狼。
83,哈利·波特与阿兹卡班的囚徒,8.9,导演: Alfonso Cuarón,2004,759226人评价,不一样的导演，不一样的哈利·波特。
84,心灵捕手,8.9,导演: 格斯·范·桑特 Gus Van Sant,1997,735848人评价,人生中应该拥有这样的一段豁然开朗。
85,超脱,9.0,导演: 托尼·凯耶 Tony Kaye,2011,626400人评价,穷尽一生，我们要学会的，不过是彼此拥抱。
86,低俗小说,8.9,导演: 昆汀·塔伦蒂诺 Quentin Tarantino,1994,857733人评价,故事的高级讲法。
87,海豚湾,9.3,导演: 路易·西霍尤斯 Louie Psihoyos,2009,362707人评价,海豚的微笑，是世界上最高明的伪装。
88,摩登时代,9.3,导演: 查理·卓别林 Charles Chaplin,1936,310680人评价,大时代中的人生，小人物的悲喜。
89,春光乍泄,9.0,导演: 王家卫 Kar Wai Wong,1997,648821人评价,爱情纠缠，男女一致。
90,美国往事,9.2,导演: 赛尔乔·莱翁内 Sergio Leone,1984,422885人评价,往事如烟，无处祭奠。
91,喜剧之王,8.8,导演: 周星驰 Stephen Chow / 李力持 Lik-Chi Lee,1999,994591人评价,我是一个演员。
92,致命ID,8.9,导演: 詹姆斯·曼高德 James Mangold,2003,849925人评价,最不可能的那个人永远是最可能的。
93,杀人回忆,8.9,导演: 奉俊昊 Joon-ho Bong,2003,739133人评价,关于连环杀人悬案的集体回忆。
94,红辣椒,9.1,导演: 今敏 Satoshi Kon,2006,484082人评价,梦的勾结。
95,七宗罪,8.8,导演: 大卫·芬奇 David Fincher,1995,964077人评价,警察抓小偷，老鼠玩死猫。
96,哈利·波特与密室,8.9,导演: Chris Columbus,2002,786366人评价,魔法的密室之门已打开...
97,加勒比海盗,8.8,导演: 戈尔·维宾斯基 Gore Verbinski,2003,882236人评价,约翰尼·德普的独角戏。
98,一一,9.1,导演: 杨德昌 Edward Yang,2000,411359人评价,我们都曾经是一一。
99,狩猎,9.1,导演: 托马斯·温特伯格 Thomas Vinterberg,2012,405355人评价,人言可畏。
100,唐伯虎点秋香,8.7,导演: 李力持 Lik-Chi Lee,1993,1109256人评价,华太师是黄霑，吴镇宇四大才子之一。
101,7号房的礼物,8.9,导演: 李焕庆 Hwan-kyeong Lee,2013,571256人评价,《我是山姆》的《美丽人生》。
102,被嫌弃的松子的一生,8.9,导演: 中岛哲也 Tetsuya Nakashima,2006,718083人评价,以戏谑来戏谑戏谑。
103,蝙蝠侠：黑暗骑士崛起,8.9,导演: 克里斯托弗·诺兰 Christopher Nolan,2012,742041人评价,诺兰就是保证。
104,请以你的名字呼唤我,8.8,导演: 卢卡·瓜达尼诺 Luca Guadagnino,2017,742062人评价,沉醉在电影的情感和视听氛围中无法自拔。
105,爱在黎明破晓前,8.8,导演: 理查德·林克莱特 Richard Linklater,1995,705851人评价,缘分是个连绵词，最美不过一瞬。
106,剪刀手爱德华,8.7,导演: 蒂姆·波顿 Tim Burton,1990,1054622人评价,浪漫忧郁的成人童话。
107,断背山,8.8,导演: 李安 Ang Lee,2005,721321人评价,每个人心中都有一座断背山。
108,入殓师,8.9,导演: 泷田洋二郎 Yôjirô Takita,2008,684150人评价,死可能是一道门，逝去并不是终结，而是超越，走向下一程。
109,第六感,8.9,导演: M·奈特·沙马兰 M. Night Shyamalan,1999,571478人评价,深入内心的恐怖，出人意料的结局。
110,重庆森林,8.8,导演: 王家卫 Kar Wai Wong,1994,834413人评价,寂寞没有期限。
111,超能陆战队,8.7,导演: 唐·霍尔 Don Hall / 克里斯·威廉姆斯 Chris Williams,2014,1042505人评价,Balalala~~~
112,勇敢的心,8.9,导演: 梅尔·吉布森 Mel Gibson,1995,567845人评价,史诗大片的典范。
113,甜蜜蜜,8.9,导演: 陈可辛 Peter Chan,1996,576790人评价,相逢只要一瞬间，等待却像是一辈子。
114,幽灵公主,8.9,导演: 宫崎骏 Hayao Miyazaki,1997,537210人评价,人与自然的战争史诗。
115,爱在日落黄昏时,8.9,导演: 理查德·林克莱特 Richard Linklater,2004,579904人评价,九年后的重逢是世俗和责任的交叠，没了悸动和青涩，沧桑而温暖。
116,菊次郎的夏天,8.9,导演: 北野武 Takeshi Kitano,1999,611012人评价,从没见过那么流氓的温柔，从没见过那么温柔的流氓。
117,寄生虫,8.8,导演: 奉俊昊 Joon-ho Bong,2019,1406359人评价,曾经的那段美好会沉淀为一辈子的记忆。
119,消失的爱人,8.7,导演: 大卫·芬奇 David Fincher,2014,981599人评价,年度最佳date movie。
120,阳光灿烂的日子,8.8,导演: 姜文 Wen Jiang,1994,628929人评价,一场华丽的意淫。
121,天使爱美丽,8.7,导演: 让-皮埃尔·热内 Jean-Pierre Jeunet,2001,967921人评价,法式小清新。 
122,完美的世界,9.1,导演: 克林特·伊斯特伍德 Clint Eastwood,1993,324066人评价,坏人的好总是比好人的好来得更感人。
123,无人知晓,9.1,导演: 是枝裕和 Hirokazu Koreeda,2004,329191人评价,我的平常生活就是他人的幸福。
124,倩女幽魂,8.8,导演: 程小东 Siu-Tung Ching,1987,755229人评价,两张绝世的脸。 
125,小森林 夏秋篇,9.0,导演: 森淳一 Junichi Mori,2014,435010人评价,那些静得只能听见呼吸的日子里，你明白孤独即生活。
126,时空恋旅人,8.8,导演: 理查德·柯蒂斯 Richard Curtis,2013,698156人评价,把每天当作最后一天般珍惜度过，积极拥抱生活，就是幸福。
127,未麻的部屋,9.1,导演: 今敏 Satoshi Kon,1997,352014人评价,好的剧本是，就算你猜到了结局也猜不到全部。
128,侧耳倾听,8.9,导演: 近藤喜文 Yoshifumi Kondo,1995,474870人评价,少女情怀总是诗。
129,哈利·波特与火焰杯,8.8,导演: 迈克·内威尔 Mike Newell,2005,686322人评价,和谐的生活离不开摸头与被摸头。
131,幸福终点站,8.8,导演: 史蒂文·斯皮尔伯格 Steven Spielberg,2004,586630人评价,有时候幸福需要等一等。 
132,一个叫欧维的男人决定去死,8.9,导演: 汉内斯·赫尔姆 Hannes Holm,2015,500579人评价,惠及一生的美丽。
133,小森林 冬春篇,9.0,导演: 森淳一 Junichi Mori,2015,387686人评价,尊敬他人，尊敬你生活的这片土地，明白孤独是人生的常态。
134,教父3,9.0,导演: 弗朗西斯·福特·科波拉 Francis Ford Coppola,1990,385748人评价,任何信念的力量，都无法改变命运。
135,怪兽电力公司,8.8,导演: 彼特·道格特 Pete Docter / 大卫·斯沃曼 David Silverman,2001,693969人评价,不要给它起名字，起了名字就有感情了。
136,玩具总动员3,8.9,导演: 李·昂克里奇 Lee Unkrich,2010,533796人评价,跨度十五年的欢乐与泪水。
137,傲慢与偏见,8.7,导演: 乔·怀特 Joe Wright,2005,825035人评价,爱是摈弃傲慢与偏见之后的曙光。
138,新世界,8.9,导演: 朴勋政 Hoon-jung Park,2013,455301人评价,要做就做得狠一点，这样才能活下去。
139,萤火之森,8.9,导演: 大森贵弘 Takahiro Omori,2011,554498人评价,触不到的恋人。
140,茶馆,9.6,导演: 谢添 Tian Xie,1982(中国大陆),158247人评价,热血沸腾，那个低俗、性感的无耻混蛋又来了。
142,釜山行,8.6,导演: 延尚昊 Sang-ho Yeon,2016,1229816人评价,揭露人性的丧尸题材力作。
143,神偷奶爸,8.7,导演: 皮艾尔·柯芬 Pierre Coffin / 克里斯·雷纳德 Chris Renaud,2010,967483人评价,Mr. I Don&#39;t Care其实也有Care的时候。
144,告白,8.8,导演: 中岛哲也 Tetsuya Nakashima,2010,685332人评价,没有一人完全善，也没有一人完全恶。
145,玛丽和马克思,9.0,导演: 亚当·艾略特 Adam Elliot,2009,428107人评价,你是我最好的朋友，你是我唯一的朋友 。
146,哪吒闹海,9.2,导演: 王树忱 Shuchen Wang / 严定宪 Dingxian Yan,1979,267409人评价,想你时你在闹海。
147,色，戒,8.7,导演: 李安 Ang Lee,2007,841768人评价,假戏真情，爱欲深海
148,九品芝麻官,8.7,导演: 王晶 Jing Wong,1994,703492人评价,抱着梦想而活着的人是幸福的，怀抱梦想而死去的人是不朽的。
150,喜宴,9.0,导演: 李安 Ang Lee,1993,375974人评价,中国家庭的喜怒哀乐忍。
151,模仿游戏,8.8,导演: 莫滕·泰杜姆 Morten Tyldum,2014,663765人评价,他给机器起名“克里斯托弗”，因为这是他初恋的名字。
152,头号玩家,8.6,导演: 史蒂文·斯皮尔伯格 Steven Spielberg,2018,1397865人评价,写给影迷，动漫迷和游戏迷的一封情书。
153,射雕英雄传之东成西就,8.7,导演: 刘镇伟 Jeffrey Lau,1993,654434人评价,百看不厌。 
154,花样年华,8.8,导演: 王家卫 Kar Wai Wong,2000,629815人评价,偷情本没有这样美。
155,头脑特工队,8.8,导演: 彼特·道格特 Pete Docter / 罗纳尔多·德尔·卡门 Ronaldo Del Carmen,2015,635964人评价,愿我们都不用长大，每一座城堡都能永远存在。
156,我是山姆,9.0,导演: 杰茜·尼尔森 Jessie Nelson,2001,346526人评价,爱并不需要智商 。
157,阳光姐妹淘,8.8,导演: 姜炯哲 Hyeong-Cheol Kang,2011,599731人评价,再多各自牛逼的时光，也比不上一起傻逼的岁月。 
158,七武士,9.3,导演: 黑泽明 Akira Kurosawa,1954,204227人评价,时代悲歌。
159,血战钢锯岭,8.7,导演: 梅尔·吉布森 Mel Gibson,2016,798315人评价,优秀的战争片不会美化战场，不会粉饰死亡，不会矮化敌人，不会无视常识，最重要的，不会宣扬战争。
160,恐怖直播,8.7,导演: 金秉祐 Byeong-woo Kim,2013,668727人评价,恐怖分子的“秋菊打官司”。
161,惊魂记,9.0,导演: 阿尔弗雷德·希区柯克 Alfred Hitchcock,1960,307052人评价,故事的反转与反转，分裂电影的始祖。
162,黑客帝国3：矩阵革命,8.8,导演: 拉娜·沃卓斯基 Lana Wachowski / 莉莉·沃卓斯基 Lilly Wachowski,2003,457150人评价,不得不说，《黑客帝国》系列是商业片与科幻、哲学完美结合的典范。
163,你的名字。,8.5,导演: 新海诚 Makoto Shinkai,2016,1441983人评价,穿越错位的时空，仰望陨落的星辰，你没留下你的名字，我却无法忘记那句“我爱你”。
164,三块广告牌,8.7,导演: 马丁·麦克唐纳 Martin McDonagh,2017,841303人评价,怼天怼地，你走后，她与世界为敌。
165,电锯惊魂,8.7,导演: 詹姆斯·温 James Wan,2004,550806人评价,真相就在眼前。
166,达拉斯买家俱乐部,8.8,导演: 让-马克·瓦雷 Jean-Marc Vallée,2013,463241人评价,Jared Leto的腿比女人还美！
167,心迷宫,8.7,导演: 忻钰坤 Yukun Xin,2014,540456人评价,荒诞讽刺，千奇百巧，抽丝剥茧，百转千回。
168,疯狂原始人,8.7,导演: 科克·德·米科 Kirk De Micco / 克里斯·桑德斯 Chris Sanders,2013,856832人评价,老少皆宜，这就是好莱坞动画的魅力。
169,谍影重重3,8.8,导演: 保罗·格林格拉斯 Paul Greengrass,2007,428963人评价,像吃了苏打饼一样干脆的电影。
170,英雄本色,8.6,导演: 吴宇森 John Woo,1986,555043人评价,英雄泪短，兄弟情长。 
171,上帝之城,9.0,导演: 费尔南多·梅里尔斯 Fernando Meirelles / 卡迪亚·兰德 Kátia Lund,2002,307205人评价,被上帝抛弃了的上帝之城。
172,风之谷,8.9,导演: 宫崎骏 Hayao Miyazaki,1984,361909人评价,动画片的圣经。
173,爱在午夜降临前,8.9,导演: 理查德·林克莱特 Richard Linklater,2013,416572人评价,所谓爱情，就是话唠一路，都不会心生腻烦，彼此嫌弃。
174,纵横四海,8.8,导演: 吴宇森 John Woo,1991,436608人评价,香港浪漫主义警匪动作片的巅峰之作。
175,海街日记,8.8,导演: 是枝裕和 Hirokazu Koreeda,2015,461905人评价,是枝裕和的家庭习作。
176,绿里奇迹,8.9,导演: 弗兰克·德拉邦特 Frank Darabont,1999,342627人评价,天使暂时离开。
177,卢旺达饭店,8.9,导演: 特瑞·乔治 Terry George,2004,337938人评价,当这个世界闭上双眼，他却敞开了怀抱。
178,小丑,8.7,导演: 托德·菲利普斯 Todd Phillips,2019,1032154人评价,一个针管引发的血案。
180,背靠背，脸对脸,9.5,导演: 黄建新 Jianxin Huang / 杨亚洲 Yazhou Yang,1994,142058人评价,中国版《两杆大烟枪》。
183,雨中曲,9.1,导演: 斯坦利·多南 Stanley Donen / 吉恩·凯利 Gene Kelly,1952,233992人评价,骨灰级歌舞片。
184,2001太空漫游,8.9,导演: 斯坦利·库布里克 Stanley Kubrick,1968,342756人评价,现代科幻电影的开山之作，最伟大导演的最伟大影片。
185,岁月神偷,8.7,导演: 罗启锐 Alex Law,2010,582583人评价,岁月流逝，来日可追。
186,无间道2,8.7,导演: 刘伟强 / 麦兆辉,2003,495209人评价,养狗三日，便会对你终其一生。
188,荒蛮故事,8.8,导演: 达米安·斯兹弗隆 Damián Szifron,2014,454157人评价,始于荒诞，止于更荒诞。
189,小偷家族,8.7,导演: 是枝裕和 Hirokazu Koreeda,2018,828748人评价,我们组成了家。
190,无敌破坏王,8.7,导演: 瑞奇·莫尔 Rich Moore,2012,556012人评价,迪士尼和皮克斯拿错剧本的产物。
191,爆裂鼓手,8.7,导演: 达米恩·查泽雷 Damien Chazelle,2014,604747人评价,这个世界从不善待努力的人，努力了也不一定会成功，但是知道自己在努力，就是活下去的动力。
192,冰川时代,8.6,导演: 卡洛斯·沙尔丹哈 Carlos Saldanha / 克里斯·韦奇 Chris Wedge,2002,631191人评价,松鼠才是角儿。
193,恐怖游轮,8.5,导演: 克里斯托弗·史密斯 Christopher Smith,2009,890015人评价,不要企图在重复中寻找已经失去的爱。
194,牯岭街少年杀人事件,8.9,导演: 杨德昌 Edward Yang,1991,312422人评价,弱者送给弱者的一刀。
195,贫民窟的百万富翁,8.6,导演: 丹尼·鲍尔 Danny Boyle / 洛芙琳·坦丹 Loveleen Tandan,2008,758919人评价,上帝之城+猜火车+阿甘正传+开心辞典=山寨富翁
196,东京教父,9.0,导演: 今敏 Satoshi Kon,2003,242871人评价,电影诗。
198,魔女宅急便,8.7,导演: 宫崎骏 Hayao Miyazaki,1989,471759人评价,宫崎骏的电影总让人感觉世界是美好的，阳光明媚的。
199,遗愿清单,8.7,导演: 罗伯·莱纳 Rob Reiner,2007,477304人评价,用剩余不多的时间，去燃烧整个生命。
200,大佛普拉斯,8.7,导演: 黄信尧 Hsin-yao Huang,2017,476235人评价,人们可以登上月球，却永远无法探索人们内心的宇宙。
201,你看起来好像很好吃,8.9,导演: 藤森雅也 Masaya Fujimori,2010,341557人评价,感情不分食草或者食肉。
202,可可西里,8.9,导演: 陆川 Chuan Lu,2004,311265人评价,坚硬的信仰。
203,黑天鹅,8.6,导演: 达伦·阿罗诺夫斯基 Darren Aronofsky,2010,794510人评价,黑暗之美。
204,城市之光,9.3,导演: Charles Chaplin,1931,151977人评价,永远的小人物，伟大的卓别林。
205,真爱至上,8.5,导演: 理查德·柯蒂斯 Richard Curtis,2003,752592人评价,爱，是个动词。
206,源代码,8.5,导演: 邓肯·琼斯 Duncan Jones,2011,852929人评价,邓肯·琼斯继《月球》之后再度奉献出一部精彩绝伦的科幻佳作。
207,海边的曼彻斯特,8.6,导演: 肯尼斯·罗纳根 Kenneth Lonergan,2016,563988人评价,我们都有权利不与自己的过去和解。
208,雨人,8.7,导演: 巴瑞·莱文森 Barry Levinson,1988,412159人评价,生活在自己的世界里，也可以让周围的人显得可笑和渺小。
209,波西米亚狂想曲,8.6,导演: 布莱恩·辛格 Bryan Singer,2018,622381人评价,没有了退路，只好飞向自由。
213,人工智能,8.7,导演: 史蒂文·斯皮尔伯格 Steven Spielberg,2001,457500人评价,对爱的执着，可以超越一切。
214,恋恋笔记本,8.5,导演: 尼克·卡索维茨 Nick Cassavetes,2004,687867人评价,爱情没有那么多借口，如果不能圆满，只能说明爱的不够。 
215,虎口脱险,8.9,导演: 杰拉尔·乌里 Gérard Oury,1966,264867人评价,永远看不腻的喜剧。
216,疯狂的麦克斯4：狂暴之路,8.7,导演: 乔治·米勒 George Miller,2015,544251人评价,“多么美好的一天！”轰轰轰砰咚，啪哒哒哒轰隆隆，磅~
217,终结者2：审判日,8.8,导演: 詹姆斯·卡梅隆 James Cameron,1991,349593人评价,少见的超越首部的续集，动作片中的经典。
218,爱乐之城,8.4,导演: 达米恩·查泽雷 Damien Chazelle,2016,962682人评价,人生的N种可能性。
220,新龙门客栈,8.7,导演: 李惠民 Raymond Lee,1992,456774人评价,嬉笑怒骂，调风动月。
221,芙蓉镇,9.3,导演: 谢晋 Jin Xie,1987,149199人评价,昆汀同学越来越变态了，比北野武还杜琪峰。
223,千钧一发,8.8,导演: 安德鲁·尼科尔 Andrew Niccol,1997,309788人评价,一部能引人思考的科幻励志片。
226,萤火虫之墓,8.7,导演: 高畑勋 Isao Takahata,1988,411354人评价,幸福是生生不息，却难以触及的远。 
227,彗星来的那一夜,8.6,导演: 詹姆斯·沃德·布柯特 James Ward Byrkit,2013,600789人评价,小成本大魅力。
228,奇迹男孩,8.6,导演: 斯蒂芬·卓博斯基 Stephen Chbosky,2017,561699人评价,世界不完美，爱会有奇迹。
229,哈利·波特与死亡圣器(上),8.5,导演: 大卫·叶茨 David Yates,2010,597883人评价,最忠于原著的一部。
230,黑客帝国2：重装上阵,8.7,导演: 拉娜·沃卓斯基 Lana Wachowski / 莉莉·沃卓斯基 Lilly Wachowski,2003,415889人评价,一个精彩的世界观正在缓缓建立。
231,二十二,8.7,导演: 郭柯 Ke Guo,2015,296843人评价,有一些东西不应该被遗忘。
232,血钻,8.7,导演: 爱德华·兹威克 Edward Zwick,2006,389199人评价,每个美丽事物背后都是滴血的现实。
233,战争之王,8.7,导演: 安德鲁·尼科尔 Andrew Niccol,2005,378058人评价,做一颗让别人需要你的棋子。
234,火星救援,8.5,导演: 雷德利·斯科特 Ridley Scott,2015,750915人评价,日本的家庭电影已经是世界巅峰了，步履不停是巅峰中的佳作。
236,房间,8.8,导演: 伦尼·阿伯拉罕森 Lenny Abrahamson,2015,374635人评价,被偷走的岁月，被伤害的生命，被禁锢的灵魂，终将被希望和善意救赎。
237,魂断蓝桥,8.8,导演: 茂文·勒鲁瓦 Mervyn LeRoy,1940,285429人评价,中国式内在的美国电影。
238,白日梦想家,8.6,导演: 本·斯蒂勒 Ben Stiller,2013,512199人评价,爱情是一场没有尽头的虚幻追逐。
240,谍影重重2,8.7,导演: 保罗·格林格拉斯 Paul Greengrass,2004,362174人评价,谁说王家卫镜头很晃？
241,高山下的花环,9.5,导演: 谢晋 Jin Xie,1984(中国大陆) / 1985,97778人评价,拍掉身上的悲伤，从今天开始重新踏上追梦之旅。
245,谍影重重,8.6,导演: 道格·里曼 Doug Liman,2002,439496人评价,哗啦啦啦啦，天在下雨，哗啦啦啦啦，云在哭泣……找自己。
246,阿飞正传,8.5,导演: 王家卫 Kar Wai Wong,1990,523785人评价,王家卫是一种风格，张国荣是一个代表。
247,大红灯笼高高挂,8.8,导演: 张艺谋 Yimou Zhang,1991,290320人评价,当爱情跨越年龄的界限，它似乎能变得更久远一点，成为一种责任，一种水到渠成的相濡以沫。 
249,再次出发之纽约遇见你,8.6,导演: 约翰·卡尼 John Carney,2013,436817人评价,爱我就给我看你的播放列表。
250,燃情岁月,8.7,导演: 爱德华·兹威克 Edward Zwick,1994,293452人评价,传奇，不是每个人都可以拥有。
